TransactionID,Items
1,"""Azucar"""
2,"""Huevos, Panales, Mantequilla, Yogur, Cebolla, Papas fritas, Cerveza, Leche, Refresco"""
3,"""Azucar, Manzanas, Huevos, Queso, Papas fritas, Cerveza, Leche, Chocolate, Salsa de Tomate"""
4,"""Manzanas, Azucar, Panales, Mantequilla, Platanos, Papas fritas, Pasta, Salsa de Tomate, Cafe"""
5,"""Yogur"""
6,"""Azucar, Mantequilla, Cebolla, Papas fritas, Salsa de Tomate, Pan"""
7,"""Azucar, Huevos, Queso, Cebolla, Yogur, Detergente, Chocolate, Salsa de Tomate, Cafe"""
8,"""Pasta"""
9,"""Manzanas, Papel Higienico, Chocolate"""
10,"""Panales, Leche"""
11,"""Mantequilla, Yogur, Cebolla, Leche, Refresco, Pasta, Salsa de Tomate"""
12,"""Azucar, Yogur"""
13,"""Huevos, Mantequilla, Yogur, Detergente, Papas fritas, Chocolate, Refresco, Pan"""
14,"""Manzanas, Huevos, Azucar, Yogur, Platanos, Leche, Chocolate, Refresco"""
15,"""Detergente, Mantequilla, Salsa de Tomate, Refresco"""
16,"""Azucar, Huevos, Panales, Cebolla, Cerveza, Refresco, Salsa de Tomate, Pan"""
17,"""Panales, Papel Higienico, Mantequilla, Cebolla, Detergente, Leche, Chocolate, Refresco, Pasta, Salsa de Tomate"""
18,"""Azucar, Mantequilla, Papas fritas, Cerveza, Leche, Salsa de Tomate"""
19,"""Platanos, Papas fritas"""
20,"""Huevos, Mantequilla, Yogur, Platanos, Cerveza, Refresco, Salsa de Tomate, Pan"""
21,"""Azucar, Papel Higienico, Cebolla, Papas fritas, Cerveza, Leche, Cafe"""
22,"""Papas fritas, Salsa de Tomate, Cerveza"""
23,"""Panales, Mantequilla, Platanos, Leche, Chocolate, Refresco, Salsa de Tomate, Pan"""
24,"""Leche, Cafe"""
25,"""Manzanas, Queso, Detergente, Papas fritas, Cerveza, Chocolate"""
26,"""Manzanas, Huevos, Azucar, Refresco, Pasta, Salsa de Tomate, Cafe"""
27,"""Papel Higienico, Yogur, Detergente, Papas fritas, Chocolate"""
28,"""Papas fritas, Salsa de Tomate, Queso, Chocolate"""
29,"""Panales, Papel Higienico, Cebolla, Papas fritas, Cerveza, Refresco"""
30,"""Azucar, Huevos, Papel Higienico, Yogur, Platanos, Papas fritas, Cerveza, Leche"""
31,"""Azucar, Panales, Yogur, Platanos, Papas fritas, Cerveza, Refresco, Salsa de Tomate, Pan"""
32,"""Mantequilla, Queso, Cebolla, Detergente, Platanos, Chocolate, Pasta, Salsa de Tomate"""
33,"""Panales, Papas fritas, Cerveza, Leche, Cafe"""
34,"""Azucar, Queso, Detergente, Refresco, Pasta, Cafe"""
35,"""Refresco, Pasta, Salsa de Tomate"""
36,"""Azucar, Queso, Cebolla, Detergente, Salsa de Tomate, Cafe"""
37,"""Azucar, Panales, Papel Higienico, Mantequilla, Yogur, Cerveza, Leche, Pasta, Salsa de Tomate, Pan"""
38,"""Azucar, Mantequilla, Yogur, Chocolate, Salsa de Tomate, Cafe, Pan"""
39,"""Manzanas, Panales, Mantequilla, Chocolate, Refresco, Pasta, Salsa de Tomate, Pan"""
40,"""Platanos, Papas fritas, Cerveza, Pasta, Salsa de Tomate"""
41,"""Azucar, Huevos, Manzanas, Leche, Chocolate, Refresco"""
42,"""Papel Higienico, Yogur, Detergente, Chocolate, Salsa de Tomate"""
43,"""Azucar, Huevos, Platanos, Cafe"""
44,"""Detergente, Papel Higienico"""
45,"""Huevos, Panales, Mantequilla, Cebolla, Detergente, Papas fritas, Cerveza, Pan"""
46,"""Panales, Papel Higienico, Papas fritas, Cerveza, Pasta, Salsa de Tomate"""
47,"""Papel Higienico, Queso, Yogur, Papas fritas, Cerveza, Chocolate, Pan"""
48,"""Azucar, Mantequilla, Cebolla, Chocolate, Refresco, Pasta, Salsa de Tomate, Cafe, Pan"""
49,"""Manzanas, Huevos, Panales, Papel Higienico, Detergente, Papas fritas, Cerveza, Pan"""
50,"""Azucar, Huevos, Mantequilla, Queso, Cerveza, Salsa de Tomate, Cafe"""
51,"""Manzanas, Huevos, Papel Higienico, Papas fritas, Salsa de Tomate"""
52,"""Refresco, Platanos, Salsa de Tomate, Cebolla"""
53,"""Pasta, Salsa de Tomate, Cebolla"""
54,"""Mantequilla, Detergente, Platanos, Papas fritas, Cerveza, Pan"""
55,"""Mantequilla, Salsa de Tomate, Pasta"""
56,"""Azucar, Papel Higienico, Mantequilla, Yogur, Cebolla, Papas fritas, Refresco, Salsa de Tomate"""
57,"""Manzanas, Mantequilla, Detergente, Papas fritas, Pan"""
58,"""Azucar, Panales, Mantequilla, Queso, Cebolla"""
59,"""Manzanas, Papel Higienico"""
60,"""Azucar, Mantequilla, Cafe, Pan"""
61,"""Manzanas, Huevos, Queso, Cebolla, Platanos, Papas fritas, Pasta, Salsa de Tomate"""
62,"""Mantequilla, Platanos, Queso"""
63,"""Azucar, Papel Higienico, Mantequilla, Yogur, Platanos, Chocolate, Cafe"""
64,"""Detergente"""
65,"""Manzanas, Huevos, Cerveza, Chocolate, Pan"""
66,"""Chocolate"""
67,"""Yogur, Detergente, Leche, Pasta, Salsa de Tomate"""
68,"""Papas fritas, Queso, Cerveza"""
69,"""Manzanas, Azucar, Papel Higienico, Yogur, Cebolla, Detergente, Papas fritas, Cerveza, Pan"""
70,"""Papel Higienico, Mantequilla, Queso, Platanos, Papas fritas, Cerveza, Leche, Pasta, Salsa de Tomate, Pan"""
71,"""Platanos, Pan"""
72,"""Mantequilla, Cebolla, Detergente, Pasta, Salsa de Tomate"""
73,"""Manzanas, Huevos, Panales, Mantequilla, Platanos, Cerveza, Salsa de Tomate, Cafe, Pan"""
74,"""Azucar, Salsa de Tomate, Cafe, Yogur"""
75,"""Refresco, Huevos, Pasta, Salsa de Tomate"""
76,"""Panales, Mantequilla, Cebolla, Pasta, Salsa de Tomate, Pan"""
77,"""Huevos, Papel Higienico, Cebolla"""
78,"""Refresco, Mantequilla, Yogur, Pan"""
79,"""Azucar, Panales, Yogur, Queso, Papas fritas, Cerveza, Salsa de Tomate, Cafe"""
80,"""Refresco, Panales, Salsa de Tomate, Cerveza"""
81,"""Azucar, Manzanas, Mantequilla, Queso, Refresco, Salsa de Tomate"""
82,"""Manzanas, Huevos, Mantequilla, Queso, Papas fritas, Leche, Chocolate, Salsa de Tomate, Cafe"""
83,"""Azucar"""
84,"""Azucar, Mantequilla, Detergente, Papas fritas, Cerveza, Leche, Chocolate, Pasta, Salsa de Tomate, Cafe"""
85,"""Papel Higienico, Mantequilla, Yogur, Queso, Detergente, Platanos, Leche, Salsa de Tomate, Pan"""
86,"""Cerveza, Panales, Cebolla"""
87,"""Platanos, Papas fritas, Cerveza, Panales"""
88,"""Azucar, Huevos, Papel Higienico, Cebolla, Detergente, Platanos, Refresco"""
89,"""Azucar, Queso, Yogur, Detergente, Papas fritas, Cerveza, Refresco, Pasta, Salsa de Tomate"""
90,"""Azucar, Papel Higienico, Mantequilla, Queso, Yogur, Cebolla, Leche, Pasta, Cafe"""
91,"""Refresco, Papel Higienico, Leche, Chocolate"""
92,"""Azucar, Manzanas, Leche, Chocolate"""
93,"""Manzanas, Platanos, Leche, Chocolate"""
94,"""Detergente, Pasta, Papel Higienico, Salsa de Tomate"""
95,"""Azucar, Panales, Papel Higienico, Mantequilla, Yogur, Cebolla, Leche, Pasta, Salsa de Tomate"""
96,"""Azucar, Cafe"""
97,"""Azucar, Leche, Cafe"""
98,"""Manzanas, Azucar, Panales, Queso, Leche, Chocolate, Refresco, Pasta, Salsa de Tomate"""
99,"""Manzanas, Detergente"""
100,"""Papas fritas, Cerveza, Leche"""
101,"""Refresco, Papas fritas, Leche"""
102,"""Manzanas, Papel Higienico, Cebolla, Detergente, Pan"""
103,"""Mantequilla"""
104,"""Pasta, Salsa de Tomate, Panales, Leche"""
105,"""Panales, Mantequilla, Yogur, Cebolla, Platanos, Papas fritas, Cerveza, Leche, Salsa de Tomate"""
106,"""Mantequilla, Yogur, Cebolla, Platanos, Refresco, Pan"""
107,"""Manzanas, Queso, Papas fritas, Cerveza, Refresco, Pasta"""
108,"""Mantequilla, Cebolla, Detergente, Chocolate, Refresco, Pasta"""
109,"""Manzanas, Azucar, Huevos, Papel Higienico, Yogur, Platanos"""
110,"""Papel Higienico, Yogur, Queso, Platanos, Papas fritas, Cerveza, Leche"""
111,"""Manzanas, Papel Higienico, Mantequilla, Detergente, Chocolate"""
112,"""Azucar, Yogur, Detergente, Leche, Chocolate, Salsa de Tomate"""
113,"""Panales, Papel Higienico, Mantequilla, Yogur, Platanos, Papas fritas, Cerveza, Chocolate"""
114,"""Manzanas"""
115,"""Yogur"""
116,"""Manzanas, Huevos, Papel Higienico, Mantequilla, Yogur, Papas fritas, Cerveza, Refresco, Pan"""
117,"""Manzanas, Mantequilla, Cebolla, Pan"""
118,"""Mantequilla, Papas fritas, Leche, Chocolate, Pan"""
119,"""Platanos, Papas fritas, Cerveza"""
120,"""Mantequilla, Platanos, Cebolla"""
121,"""Salsa de Tomate"""
122,"""Azucar, Huevos, Papel Higienico, Detergente, Papas fritas, Cerveza, Leche, Chocolate, Refresco"""
123,"""Azucar, Papas fritas, Refresco, Pasta, Salsa de Tomate, Cafe, Pan"""
124,"""Platanos"""
125,"""Azucar, Platanos, Queso"""
126,"""Yogur, Cebolla, Leche, Pan"""
127,"""Huevos, Mantequilla, Leche, Pan"""
128,"""Azucar, Panales, Platanos, Cerveza, Chocolate, Pan"""
129,"""Huevos, Platanos, Queso, Chocolate"""
130,"""Huevos, Panales, Mantequilla, Queso, Cebolla, Cerveza, Salsa de Tomate"""
131,"""Manzanas, Panales, Queso, Cebolla, Leche, Chocolate, Salsa de Tomate"""
132,"""Azucar, Huevos, Panales, Platanos, Papas fritas, Cerveza, Leche, Chocolate, Pasta, Salsa de Tomate, Cafe"""
133,"""Panales, Papas fritas, Cerveza"""
134,"""Azucar, Mantequilla, Detergente, Leche, Pasta, Salsa de Tomate"""
135,"""Refresco, Panales, Papas fritas, Cerveza"""
136,"""Azucar, Huevos, Salsa de Tomate, Pan"""
137,"""Huevos, Mantequilla, Queso, Detergente, Papas fritas, Chocolate, Salsa de Tomate"""
138,"""Manzanas, Leche"""
139,"""Huevos, Panales, Detergente, Leche, Chocolate, Refresco"""
140,"""Detergente, Papas fritas"""
141,"""Queso, Cebolla, Papas fritas, Refresco, Salsa de Tomate"""
142,"""Manzanas, Huevos, Panales, Azucar, Platanos, Papas fritas, Cerveza"""
143,"""Queso"""
144,"""Azucar, Pan"""
145,"""Mantequilla, Queso, Pan"""
146,"""Panales, Queso, Yogur, Papas fritas, Salsa de Tomate"""
147,"""Chocolate, Platanos, Papel Higienico, Pan"""
148,"""Huevos, Queso, Cebolla, Leche, Refresco"""
149,"""Azucar, Cebolla, Cafe"""
150,"""Manzanas, Panales, Cebolla, Pasta, Cafe"""
151,"""Huevos, Cebolla, Cerveza, Leche, Chocolate, Refresco"""
152,"""Papel Higienico, Yogur, Cebolla, Platanos, Leche, Chocolate"""
153,"""Yogur"""
154,"""Manzanas, Azucar, Panales, Mantequilla, Papas fritas, Cerveza, Leche, Chocolate, Refresco, Pasta, Salsa de Tomate, Pan"""
155,"""Papas fritas, Panales, Salsa de Tomate, Cerveza"""
156,"""Platanos, Salsa de Tomate, Cerveza, Pasta"""
157,"""Manzanas, Papas fritas, Cerveza"""
158,"""Azucar, Pasta, Cafe"""
159,"""Panales, Cerveza"""
160,"""Azucar, Mantequilla, Yogur, Cebolla, Platanos, Leche, Chocolate, Salsa de Tomate"""
161,"""Refresco, Cebolla"""
162,"""Queso, Detergente, Papas fritas, Cerveza, Leche, Chocolate"""
163,"""Azucar, Manzanas, Mantequilla, Papas fritas, Cerveza, Chocolate"""
164,"""Panales, Mantequilla, Queso, Yogur, Papas fritas, Cerveza, Pasta, Salsa de Tomate, Pan"""
165,"""Manzanas, Azucar, Papel Higienico, Detergente, Leche, Refresco, Salsa de Tomate, Cafe"""
166,"""Azucar, Papel Higienico, Mantequilla, Yogur, Detergente, Papas fritas, Refresco, Pasta"""
167,"""Azucar, Yogur, Leche"""
168,"""Mantequilla, Pan"""
169,"""Pasta, Papas fritas, Salsa de Tomate, Pan"""
170,"""Papas fritas, Cerveza, Cafe"""
171,"""Papel Higienico, Pasta, Queso"""
172,"""Azucar, Huevos, Panales, Papas fritas, Cerveza, Chocolate, Salsa de Tomate, Cafe"""
173,"""Papel Higienico"""
174,"""Azucar, Panales, Papel Higienico, Yogur, Cebolla, Platanos, Pasta, Salsa de Tomate, Cafe"""
175,"""Papas fritas, Platanos, Salsa de Tomate, Cerveza"""
176,"""Refresco, Cafe, Azucar"""
177,"""Huevos, Panales, Mantequilla, Cebolla, Detergente, Platanos, Papas fritas, Cerveza, Cafe"""
178,"""Refresco"""
179,"""Azucar, Queso, Platanos, Papas fritas, Cerveza, Leche, Chocolate, Cafe"""
180,"""Leche"""
181,"""Azucar, Huevos, Panales, Queso, Detergente, Papas fritas, Cerveza"""
182,"""Azucar, Cebolla, Detergente, Papas fritas, Cerveza, Salsa de Tomate"""
183,"""Pasta, Papel Higienico, Cebolla, Salsa de Tomate"""
184,"""Panales, Leche, Chocolate"""
185,"""Chocolate"""
186,"""Panales, Papel Higienico, Mantequilla, Queso, Detergente, Leche, Chocolate, Cafe"""
187,"""Refresco, Panales, Cerveza"""
188,"""Azucar, Yogur, Leche, Cafe"""
189,"""Platanos, Pan"""
190,"""Huevos, Panales, Mantequilla, Pasta, Pan"""
191,"""Azucar, Queso, Cebolla, Platanos, Papas fritas, Cerveza, Refresco, Salsa de Tomate"""
192,"""Salsa de Tomate, Yogur"""
193,"""Papas fritas, Cerveza"""
194,"""Mantequilla, Chocolate"""
195,"""Cafe"""
196,"""Azucar, Cafe"""
197,"""Refresco, Leche, Chocolate"""
198,"""Detergente, Salsa de Tomate, Leche, Chocolate"""
199,"""Pasta, Salsa de Tomate"""
200,"""Mantequilla, Queso, Chocolate, Refresco, Salsa de Tomate"""
201,"""Manzanas, Papel Higienico, Mantequilla, Cebolla, Detergente, Platanos, Cerveza, Pan"""
202,"""Yogur, Cebolla, Detergente, Platanos, Papas fritas, Refresco"""
203,"""Detergente"""
204,"""Azucar, Queso, Cebolla, Papas fritas, Cerveza, Refresco, Pasta, Salsa de Tomate"""
205,"""Manzanas, Huevos, Panales, Papel Higienico, Azucar, Papas fritas, Cerveza, Cafe"""
206,"""Papel Higienico, Mantequilla, Refresco, Salsa de Tomate, Cafe, Pan"""
207,"""Azucar, Huevos, Panales, Papel Higienico, Papas fritas, Cerveza, Chocolate, Refresco"""
208,"""Platanos"""
209,"""Manzanas, Queso, Detergente"""
210,"""Panales, Papel Higienico, Mantequilla, Yogur, Queso, Cerveza, Pasta, Pan"""
211,"""Detergente, Platanos, Pan"""
212,"""Mantequilla, Queso, Detergente, Leche, Chocolate, Cafe, Pan"""
213,"""Refresco, Papas fritas, Pan"""
214,"""Leche, Cafe, Chocolate"""
215,"""Azucar, Huevos, Manzanas, Papel Higienico, Leche, Chocolate, Salsa de Tomate, Cafe, Pan"""
216,"""Chocolate"""
217,"""Azucar, Panales, Mantequilla, Queso, Yogur, Platanos, Papas fritas, Cerveza"""
218,"""Mantequilla, Yogur, Queso, Platanos, Refresco, Pasta, Salsa de Tomate"""
219,"""Queso"""
220,"""Detergente, Manzanas"""
221,"""Pasta, Platanos, Salsa de Tomate"""
222,"""Azucar, Huevos, Mantequilla, Detergente, Papas fritas, Refresco, Cafe"""
223,"""Panales, Yogur"""
224,"""Papel Higienico, Mantequilla, Queso, Leche, Pasta"""
225,"""Papel Higienico, Mantequilla, Detergente, Platanos, Leche"""
226,"""Platanos, Papas fritas, Cerveza, Leche, Chocolate, Salsa de Tomate, Pan"""
227,"""Papel Higienico, Mantequilla, Queso"""
228,"""Manzanas"""
229,"""Azucar, Huevos, Yogur, Detergente, Leche, Cafe"""
230,"""Manzanas, Papas fritas"""
231,"""Papel Higienico, Platanos, Chocolate, Pasta, Salsa de Tomate, Pan"""
232,"""Panales, Papel Higienico, Cebolla, Detergente, Platanos, Cerveza, Leche, Chocolate, Salsa de Tomate"""
233,"""Mantequilla"""
234,"""Mantequilla, Yogur, Queso, Platanos, Refresco, Pan"""
235,"""Azucar, Papas fritas, Cerveza, Chocolate, Pasta, Salsa de Tomate"""
236,"""Cebolla"""
237,"""Manzanas, Huevos, Papel Higienico, Yogur, Chocolate"""
238,"""Azucar, Papas fritas, Cebolla, Leche"""
239,"""Refresco, Queso, Cafe, Azucar"""
240,"""Mantequilla, Salsa de Tomate, Cebolla, Chocolate"""
241,"""Azucar, Manzanas, Yogur, Cerveza, Leche, Salsa de Tomate, Cafe, Pan"""
242,"""Papel Higienico, Mantequilla, Detergente, Papas fritas, Salsa de Tomate, Pan"""
243,"""Azucar, Queso, Cafe"""
244,"""Azucar, Huevos, Mantequilla, Cafe"""
245,"""Papas fritas, Cerveza"""
246,"""Manzanas"""
247,"""Azucar, Papel Higienico, Yogur, Cebolla, Papas fritas, Cerveza, Leche, Cafe"""
248,"""Yogur"""
249,"""Azucar, Panales, Papel Higienico, Platanos, Papas fritas, Cerveza, Pasta, Salsa de Tomate, Cafe"""
250,"""Detergente, Cafe, Azucar"""
251,"""Panales, Mantequilla, Leche, Chocolate, Pasta, Salsa de Tomate"""
252,"""Azucar, Huevos, Panales, Cebolla, Detergente, Platanos, Leche"""
253,"""Huevos, Yogur, Cebolla, Queso, Papas fritas, Cerveza, Leche, Chocolate, Refresco"""
254,"""Papel Higienico, Leche, Yogur"""
255,"""Azucar, Yogur, Cebolla, Papas fritas, Chocolate, Cafe"""
256,"""Papel Higienico, Mantequilla, Platanos, Leche, Chocolate, Pasta, Salsa de Tomate, Pan"""
257,"""Manzanas, Cerveza, Leche, Chocolate, Refresco, Cafe, Pan"""
258,"""Azucar, Yogur, Queso, Platanos, Papas fritas, Pasta, Salsa de Tomate, Cafe"""
259,"""Manzanas, Azucar, Papel Higienico, Cebolla, Platanos, Cerveza, Leche, Salsa de Tomate, Cafe"""
260,"""Refresco, Papas fritas"""
261,"""Papas fritas, Papel Higienico, Detergente"""
262,"""Salsa de Tomate"""
263,"""Azucar, Queso, Cafe, Yogur"""
264,"""Manzanas, Panales, Salsa de Tomate, Detergente"""
265,"""Pasta, Salsa de Tomate, Cebolla, Leche"""
266,"""Detergente, Panales, Queso"""
267,"""Yogur, Platanos, Chocolate, Refresco, Pasta, Salsa de Tomate"""
268,"""Azucar, Panales, Detergente, Papas fritas, Cerveza, Leche, Pasta, Salsa de Tomate"""
269,"""Cerveza"""
270,"""Huevos, Pasta, Salsa de Tomate"""
271,"""Azucar, Huevos, Papel Higienico, Mantequilla, Yogur, Cebolla, Chocolate, Salsa de Tomate"""
272,"""Papas fritas, Cerveza, Chocolate"""
273,"""Manzanas, Salsa de Tomate, Azucar"""
274,"""Mantequilla, Cebolla, Cerveza, Salsa de Tomate, Pan"""
275,"""Manzanas, Queso"""
276,"""Azucar, Panales, Papas fritas, Cerveza, Leche, Salsa de Tomate"""
277,"""Azucar, Queso, Cerveza, Papas fritas"""
278,"""Panales"""
279,"""Azucar, Huevos, Panales, Mantequilla, Detergente, Papas fritas, Cerveza, Cafe"""
280,"""Huevos, Queso, Platanos, Cerveza, Leche, Refresco, Pasta, Salsa de Tomate"""
281,"""Manzanas"""
282,"""Queso, Yogur, Platanos, Leche, Chocolate, Pasta, Salsa de Tomate"""
283,"""Azucar, Huevos, Panales, Yogur, Platanos, Pasta, Salsa de Tomate, Cafe"""
284,"""Manzanas, Azucar, Papel Higienico, Mantequilla, Queso, Cafe"""
285,"""Azucar, Papel Higienico, Queso, Papas fritas, Salsa de Tomate, Cafe"""
286,"""Azucar, Manzanas, Papel Higienico, Platanos, Papas fritas, Chocolate, Pan"""
287,"""Manzanas, Panales, Mantequilla, Queso, Yogur, Cebolla, Detergente, Papas fritas"""
288,"""Manzanas, Azucar, Panales, Detergente, Papas fritas, Cerveza, Cafe"""
289,"""Leche, Chocolate"""
290,"""Detergente, Papel Higienico"""
291,"""Azucar, Huevos, Yogur, Detergente, Chocolate, Refresco, Cafe"""
292,"""Pasta, Papel Higienico, Cebolla, Leche"""
293,"""Manzanas, Panales, Mantequilla, Yogur, Cebolla, Platanos, Papas fritas, Cerveza, Pan"""
294,"""Azucar, Papel Higienico, Mantequilla, Queso, Chocolate, Refresco, Pasta, Salsa de Tomate, Cafe, Pan"""
295,"""Azucar, Papel Higienico, Queso, Yogur, Detergente"""
296,"""Azucar, Papel Higienico, Cebolla, Detergente, Leche, Chocolate, Pasta, Salsa de Tomate, Cafe"""
297,"""Azucar, Mantequilla, Cafe"""
298,"""Azucar, Mantequilla, Detergente, Platanos, Leche, Salsa de Tomate, Pan"""
299,"""Manzanas, Papel Higienico, Queso, Pasta, Salsa de Tomate"""
300,"""Yogur, Cerveza, Queso"""
301,"""Azucar, Panales, Papel Higienico, Cerveza, Chocolate, Refresco, Salsa de Tomate, Pan"""
302,"""Mantequilla, Pan"""
303,"""Azucar, Papel Higienico, Yogur, Cebolla, Pasta, Salsa de Tomate, Cafe"""
304,"""Azucar, Huevos, Manzanas, Detergente"""
305,"""Huevos, Panales, Mantequilla, Queso, Cebolla, Yogur, Detergente, Cerveza, Pasta"""
306,"""Manzanas, Mantequilla, Cebolla, Papas fritas, Cerveza, Pasta, Salsa de Tomate"""
307,"""Manzanas, Huevos, Panales, Queso, Leche, Cafe"""
308,"""Manzanas, Huevos, Azucar, Papel Higienico, Detergente"""
309,"""Azucar, Papel Higienico, Mantequilla, Queso, Platanos, Leche, Chocolate, Pasta, Salsa de Tomate"""
310,"""Panales, Papel Higienico, Mantequilla, Platanos, Refresco"""
311,"""Manzanas, Papas fritas, Cerveza, Leche, Chocolate"""
312,"""Azucar, Papas fritas, Refresco"""
313,"""Papel Higienico, Pan"""
314,"""Huevos, Platanos, Cerveza"""
315,"""Azucar, Huevos, Panales, Cebolla, Papas fritas, Cerveza, Cafe"""
316,"""Mantequilla, Salsa de Tomate, Pasta"""
317,"""Papel Higienico, Mantequilla, Yogur, Cebolla, Detergente, Papas fritas, Cerveza, Leche, Chocolate, Pasta, Salsa de Tomate"""
318,"""Azucar, Panales, Mantequilla, Queso, Papas fritas, Cerveza, Refresco, Cafe"""
319,"""Huevos, Panales, Mantequilla, Detergente, Papas fritas, Cerveza, Chocolate, Salsa de Tomate"""
320,"""Panales, Papel Higienico, Mantequilla, Yogur, Cebolla, Papas fritas, Cerveza, Chocolate, Pan"""
321,"""Papel Higienico, Cebolla, Platanos, Pasta, Salsa de Tomate"""
322,"""Azucar, Panales, Queso, Papas fritas, Cerveza, Salsa de Tomate, Cafe"""
323,"""Manzanas, Papel Higienico, Queso, Yogur, Pasta, Salsa de Tomate"""
324,"""Manzanas, Yogur, Platanos, Chocolate, Refresco, Pan"""
325,"""Azucar, Papel Higienico, Platanos, Refresco, Salsa de Tomate"""
326,"""Papel Higienico, Yogur, Platanos, Leche, Pasta, Salsa de Tomate"""
327,"""Manzanas, Mantequilla, Queso, Detergente, Platanos, Pasta, Salsa de Tomate"""
328,"""Detergente"""
329,"""Azucar, Papel Higienico, Queso, Yogur, Platanos"""
330,"""Pasta, Cebolla, Pan"""
331,"""Panales, Papas fritas, Cerveza"""
332,"""Azucar, Papas fritas, Cebolla"""
333,"""Azucar, Pasta, Platanos, Chocolate"""
334,"""Azucar, Huevos, Papel Higienico, Queso, Cebolla, Yogur, Papas fritas, Salsa de Tomate, Cafe"""
335,"""Pan"""
336,"""Manzanas, Papel Higienico, Mantequilla, Papas fritas, Salsa de Tomate"""
337,"""Manzanas, Panales, Papel Higienico, Mantequilla, Detergente, Papas fritas, Cerveza, Chocolate"""
338,"""Panales, Mantequilla, Queso, Platanos, Cerveza, Leche, Chocolate, Pan"""
339,"""Pasta, Salsa de Tomate"""
340,"""Platanos, Queso"""
341,"""Manzanas, Papas fritas, Cerveza"""
342,"""Huevos, Papas fritas"""
343,"""Manzanas"""
344,"""Papas fritas"""
345,"""Pasta, Salsa de Tomate"""
346,"""Huevos"""
347,"""Mantequilla, Cebolla, Detergente, Platanos, Chocolate, Pan"""
348,"""Refresco, Papel Higienico, Manzanas"""
349,"""Platanos, Papas fritas, Leche, Chocolate, Cafe"""
350,"""Platanos, Salsa de Tomate, Pasta"""
351,"""Detergente, Mantequilla, Queso, Pan"""
352,"""Refresco"""
353,"""Mantequilla, Cerveza, Chocolate"""
354,"""Huevos"""
355,"""Papas fritas, Platanos, Yogur, Chocolate"""
356,"""Mantequilla, Queso, Cebolla"""
357,"""Yogur"""
358,"""Azucar, Huevos, Panales, Mantequilla, Papas fritas, Cerveza, Refresco, Pasta, Salsa de Tomate, Pan"""
359,"""Detergente, Pasta, Papas fritas, Cerveza"""
360,"""Mantequilla, Platanos, Panales, Pan"""
361,"""Leche"""
362,"""Cebolla, Chocolate, Refresco, Salsa de Tomate, Cafe"""
363,"""Manzanas, Huevos, Papel Higienico, Queso, Yogur"""
364,"""Azucar, Huevos, Panales, Papas fritas, Cerveza, Cafe"""
365,"""Refresco, Papel Higienico, Leche, Detergente"""
366,"""Azucar, Papel Higienico, Cerveza, Leche, Chocolate, Refresco, Pasta, Salsa de Tomate"""
367,"""Mantequilla, Cebolla, Detergente, Platanos, Papas fritas, Chocolate, Refresco, Pan"""
368,"""Azucar, Mantequilla, Leche, Pan"""
369,"""Detergente"""
370,"""Azucar, Panales, Yogur, Detergente, Papas fritas, Leche, Chocolate, Pasta, Salsa de Tomate"""
371,"""Azucar, Detergente, Papas fritas, Leche, Chocolate, Cafe"""
372,"""Azucar, Mantequilla, Yogur, Papas fritas, Leche, Cafe, Pan"""
373,"""Azucar, Papel Higienico, Cerveza, Refresco, Pasta, Salsa de Tomate"""
374,"""Huevos, Panales, Detergente, Platanos, Refresco, Cafe, Pan"""
375,"""Huevos, Yogur, Cebolla, Detergente, Pasta, Salsa de Tomate"""
376,"""Manzanas, Azucar, Mantequilla, Queso, Platanos, Papas fritas, Cerveza"""
377,"""Cebolla"""
378,"""Azucar, Huevos, Papel Higienico, Mantequilla, Platanos, Papas fritas, Refresco, Cafe"""
379,"""Manzanas, Queso, Platanos, Refresco, Pan"""
380,"""Manzanas, Azucar, Platanos, Papas fritas, Cerveza, Leche, Chocolate, Salsa de Tomate, Cafe"""
381,"""Detergente, Mantequilla, Manzanas, Pan"""
382,"""Manzanas"""
383,"""Platanos, Salsa de Tomate, Pasta"""
384,"""Refresco, Leche, Chocolate"""
385,"""Manzanas, Azucar, Papel Higienico, Mantequilla, Queso, Papas fritas, Pasta, Salsa de Tomate, Cafe"""
386,"""Mantequilla, Papas fritas, Cerveza, Queso"""
387,"""Panales, Papas fritas, Cerveza, Chocolate"""
388,"""Pasta, Queso, Salsa de Tomate"""
389,"""Detergente, Mantequilla, Papel Higienico, Pan"""
390,"""Papel Higienico, Papas fritas"""
391,"""Azucar, Cerveza, Pasta, Salsa de Tomate, Cafe"""
392,"""Detergente, Papas fritas, Cerveza, Chocolate"""
393,"""Manzanas, Papel Higienico, Mantequilla, Cebolla, Detergente, Pasta, Salsa de Tomate"""
394,"""Papel Higienico, Mantequilla, Yogur, Papas fritas, Chocolate"""
395,"""Refresco"""
396,"""Azucar, Yogur, Leche, Refresco"""
397,"""Azucar, Huevos"""
398,"""Manzanas, Panales, Papel Higienico, Mantequilla, Yogur, Detergente, Cerveza, Chocolate, Refresco"""
399,"""Azucar, Queso, Detergente, Papas fritas, Refresco"""
400,"""Azucar, Queso, Yogur, Detergente, Refresco, Pasta, Salsa de Tomate, Cafe"""
401,"""Platanos, Yogur"""
402,"""Azucar"""
403,"""Mantequilla, Cebolla, Detergente, Platanos, Papas fritas, Cerveza, Refresco, Pasta, Salsa de Tomate"""
404,"""Manzanas, Yogur"""
405,"""Azucar, Yogur, Detergente, Chocolate, Pasta, Cafe, Pan"""
406,"""Azucar, Huevos, Papel Higienico, Yogur, Detergente, Pan"""
407,"""Pasta, Queso, Cebolla"""
408,"""Azucar, Huevos, Papel Higienico, Papas fritas, Salsa de Tomate"""
409,"""Manzanas, Queso, Detergente, Papas fritas, Cerveza, Chocolate, Pasta, Salsa de Tomate, Pan"""
410,"""Azucar, Panales, Papel Higienico, Queso, Cebolla, Detergente, Papas fritas, Cerveza, Cafe, Pan"""
411,"""Panales, Papel Higienico, Platanos, Cerveza, Chocolate, Refresco, Salsa de Tomate"""
412,"""Panales, Papel Higienico, Yogur, Queso, Detergente, Chocolate, Salsa de Tomate"""
413,"""Manzanas, Azucar, Panales, Papel Higienico, Mantequilla, Cebolla, Leche, Chocolate, Salsa de Tomate, Cafe, Pan"""
414,"""Manzanas, Mantequilla, Yogur, Leche, Refresco, Pasta, Salsa de Tomate"""
415,"""Manzanas, Panales, Mantequilla, Yogur, Queso, Cebolla, Platanos, Papas fritas, Cerveza, Pan"""
416,"""Panales, Papel Higienico, Cebolla, Detergente, Platanos, Papas fritas, Cerveza, Chocolate"""
417,"""Manzanas, Huevos, Yogur, Platanos, Papas fritas, Cerveza, Leche"""
418,"""Manzanas, Huevos, Azucar, Cebolla, Detergente, Papas fritas, Leche, Cafe, Pan"""
419,"""Huevos, Queso, Platanos, Cerveza, Salsa de Tomate, Pan"""
420,"""Yogur, Cebolla, Queso"""
421,"""Refresco"""
422,"""Huevos, Cebolla, Papas fritas, Cerveza, Leche, Chocolate, Pasta, Salsa de Tomate"""
423,"""Chocolate"""
424,"""Cebolla"""
425,"""Manzanas, Mantequilla, Detergente, Cerveza, Chocolate"""
426,"""Mantequilla, Papel Higienico, Pan"""
427,"""Azucar, Panales, Papel Higienico, Cebolla, Platanos, Cerveza, Pasta, Salsa de Tomate"""
428,"""Azucar, Cafe"""
429,"""Manzanas, Mantequilla, Queso, Platanos, Leche, Chocolate, Pasta"""
430,"""Azucar, Papel Higienico, Queso, Cebolla, Leche, Chocolate, Pasta, Salsa de Tomate, Cafe"""
431,"""Manzanas, Mantequilla, Cebolla, Platanos, Cafe"""
432,"""Azucar, Panales, Queso, Platanos, Papas fritas, Cerveza, Salsa de Tomate, Cafe"""
433,"""Huevos, Papas fritas, Cerveza"""
434,"""Cerveza, Papas fritas, Cebolla"""
435,"""Huevos, Mantequilla, Yogur, Platanos, Leche, Refresco, Pasta, Salsa de Tomate"""
436,"""Manzanas, Queso, Chocolate, Pasta, Salsa de Tomate"""
437,"""Azucar, Queso, Papas fritas, Cerveza, Salsa de Tomate, Cafe"""
438,"""Manzanas, Huevos, Papel Higienico, Queso, Yogur, Platanos, Cerveza"""
439,"""Mantequilla, Papas fritas, Cebolla"""
440,"""Manzanas, Huevos, Pan"""
441,"""Platanos, Papel Higienico"""
442,"""Huevos, Yogur, Cebolla"""
443,"""Detergente, Papas fritas, Cerveza, Leche"""
444,"""Papel Higienico, Queso, Papas fritas, Cerveza, Leche, Chocolate"""
445,"""Azucar, Detergente, Cerveza, Leche, Refresco, Cafe"""
446,"""Papel Higienico, Queso, Cebolla, Platanos, Papas fritas, Cerveza, Chocolate, Salsa de Tomate, Cafe"""
447,"""Azucar, Papel Higienico, Mantequilla, Detergente, Platanos, Papas fritas, Leche, Cafe"""
448,"""Detergente"""
449,"""Azucar, Huevos, Panales, Papel Higienico, Mantequilla, Cerveza, Pasta, Salsa de Tomate, Cafe"""
450,"""Refresco, Papel Higienico, Detergente, Chocolate"""
451,"""Mantequilla, Panales, Papel Higienico, Cerveza"""
452,"""Chocolate, Pan"""
453,"""Azucar, Mantequilla, Queso, Detergente, Platanos, Papas fritas, Cafe, Pan"""
454,"""Salsa de Tomate, Leche, Chocolate"""
455,"""Papel Higienico, Mantequilla, Papas fritas, Cerveza, Leche, Cafe, Pan"""
456,"""Mantequilla, Cebolla, Papas fritas, Cerveza, Refresco, Salsa de Tomate, Cafe, Pan"""
457,"""Detergente, Azucar"""
458,"""Azucar, Panales, Papel Higienico, Mantequilla, Cebolla, Detergente, Papas fritas, Cerveza, Leche, Chocolate, Refresco, Cafe"""
459,"""Huevos, Queso, Papas fritas, Refresco, Salsa de Tomate"""
460,"""Manzanas, Azucar, Panales, Papas fritas, Cerveza, Pan"""
461,"""Papel Higienico, Queso, Yogur, Detergente, Platanos"""
462,"""Azucar, Panales, Cebolla, Cerveza, Cafe"""
463,"""Papel Higienico, Salsa de Tomate, Cerveza"""
464,"""Azucar, Panales, Cebolla, Refresco, Pasta, Salsa de Tomate"""
465,"""Pasta, Salsa de Tomate"""
466,"""Manzanas, Salsa de Tomate, Leche"""
467,"""Manzanas, Huevos, Panales, Papel Higienico, Mantequilla, Cebolla, Platanos, Leche, Chocolate"""
468,"""Manzanas, Papas fritas, Cerveza, Leche, Chocolate"""
469,"""Manzanas, Huevos, Cebolla, Platanos, Salsa de Tomate"""
470,"""Platanos, Yogur"""
471,"""Azucar, Papel Higienico, Queso, Detergente, Salsa de Tomate, Cafe"""
472,"""Manzanas, Panales, Mantequilla, Papas fritas, Cerveza, Salsa de Tomate, Pan"""
473,"""Papas fritas, Cebolla"""
474,"""Salsa de Tomate"""
475,"""Platanos, Papas fritas, Cebolla"""
476,"""Pasta, Leche, Chocolate"""
477,"""Azucar"""
478,"""Salsa de Tomate, Papel Higienico, Leche"""
479,"""Azucar, Huevos, Queso, Yogur, Detergente, Cafe"""
480,"""Huevos, Panales, Detergente, Papas fritas, Leche, Chocolate, Refresco"""
481,"""Manzanas, Papel Higienico, Mantequilla, Cebolla, Papas fritas"""
482,"""Huevos, Panales, Papel Higienico, Yogur, Cebolla, Leche, Chocolate"""
483,"""Refresco, Platanos"""
484,"""Papel Higienico, Chocolate, Refresco, Pasta, Salsa de Tomate"""
485,"""Azucar, Huevos, Queso, Cebolla, Leche, Pasta, Salsa de Tomate, Cafe"""
486,"""Azucar, Panales, Queso, Cebolla, Cerveza, Leche, Chocolate, Salsa de Tomate"""
487,"""Yogur, Cebolla, Platanos, Pasta, Salsa de Tomate, Cafe"""
488,"""Azucar, Panales, Detergente, Platanos, Papas fritas, Cerveza, Chocolate, Salsa de Tomate, Cafe"""
489,"""Azucar, Cebolla, Platanos, Papas fritas, Leche, Chocolate, Cafe"""
490,"""Panales, Platanos, Leche"""
491,"""Azucar, Papel Higienico, Platanos, Pasta, Salsa de Tomate"""
492,"""Pasta, Salsa de Tomate"""
493,"""Mantequilla, Cebolla"""
494,"""Manzanas, Azucar, Cebolla, Papas fritas, Chocolate, Refresco, Cafe"""
495,"""Azucar, Mantequilla, Platanos, Huevos"""
496,"""Huevos, Panales, Yogur, Papas fritas, Cerveza, Leche, Refresco, Salsa de Tomate"""
497,"""Platanos, Salsa de Tomate"""
498,"""Azucar, Panales, Papel Higienico, Yogur, Detergente, Platanos, Leche, Pan"""
499,"""Huevos, Panales, Yogur, Cebolla, Platanos, Papas fritas, Cerveza, Pasta, Salsa de Tomate, Cafe, Pan"""
500,"""Manzanas, Azucar, Panales, Mantequilla, Yogur, Queso, Platanos, Cerveza, Salsa de Tomate, Cafe"""
501,"""Huevos, Panales, Detergente, Platanos, Papas fritas, Salsa de Tomate"""
502,"""Yogur, Papas fritas, Chocolate, Pasta, Salsa de Tomate"""
503,"""Manzanas, Huevos, Papel Higienico, Detergente, Platanos, Chocolate, Pasta, Salsa de Tomate"""
504,"""Refresco, Queso"""
505,"""Huevos, Papel Higienico, Queso, Yogur, Chocolate"""
506,"""Azucar, Leche"""
507,"""Manzanas, Panales, Papas fritas, Cerveza, Leche"""
508,"""Manzanas, Mantequilla, Yogur, Detergente, Leche, Chocolate, Pan"""
509,"""Cafe, Chocolate"""
510,"""Huevos, Queso, Cebolla, Cerveza, Chocolate, Pasta, Salsa de Tomate"""
511,"""Detergente, Salsa de Tomate, Refresco"""
512,"""Mantequilla, Papas fritas, Salsa de Tomate, Yogur"""
513,"""Manzanas, Panales, Platanos, Pasta, Salsa de Tomate"""
514,"""Manzanas, Azucar, Panales, Mantequilla, Detergente, Papas fritas, Cerveza, Leche, Refresco, Salsa de Tomate, Cafe"""
515,"""Azucar, Mantequilla, Queso, Cebolla, Platanos, Refresco, Pan"""
516,"""Papel Higienico, Queso"""
517,"""Refresco, Cafe, Azucar"""
518,"""Huevos, Mantequilla, Pan, Chocolate"""
519,"""Detergente, Huevos, Salsa de Tomate, Cerveza"""
520,"""Manzanas, Huevos, Papas fritas, Cerveza, Refresco"""
521,"""Manzanas, Azucar, Panales, Papel Higienico, Yogur, Papas fritas, Cerveza, Salsa de Tomate, Cafe"""
522,"""Queso, Leche"""
523,"""Panales, Yogur"""
524,"""Azucar, Huevos, Cebolla, Chocolate, Cafe"""
525,"""Azucar, Panales, Yogur, Cebolla, Cerveza, Pasta, Salsa de Tomate, Cafe"""
526,"""Azucar, Huevos, Cebolla, Platanos, Chocolate, Pasta, Salsa de Tomate, Cafe"""
527,"""Mantequilla, Yogur, Detergente, Papas fritas, Leche, Chocolate, Pan"""
528,"""Salsa de Tomate, Yogur, Cebolla, Chocolate"""
529,"""Azucar, Papel Higienico, Pasta, Salsa de Tomate, Cafe"""
530,"""Azucar, Queso, Platanos, Refresco, Pasta, Salsa de Tomate"""
531,"""Manzanas, Azucar, Queso, Yogur, Cebolla, Platanos, Cafe"""
532,"""Azucar, Mantequilla, Queso, Cafe, Pan"""
533,"""Azucar, Platanos"""
534,"""Queso, Cerveza"""
535,"""Mantequilla, Yogur, Papas fritas, Cerveza, Pasta, Salsa de Tomate"""
536,"""Papas fritas, Cerveza"""
537,"""Manzanas, Papel Higienico, Mantequilla, Queso, Platanos"""
538,"""Panales, Papel Higienico, Queso, Papas fritas, Refresco, Pan"""
539,"""Salsa de Tomate"""
540,"""Mantequilla, Platanos, Papas fritas, Cerveza"""
541,"""Azucar, Papel Higienico, Yogur, Salsa de Tomate, Cafe"""
542,"""Mantequilla, Queso, Detergente, Platanos, Cafe, Pan"""
543,"""Huevos, Mantequilla, Queso, Detergente, Cerveza, Leche, Chocolate"""
544,"""Azucar, Manzanas, Mantequilla, Detergente, Papas fritas, Cerveza, Salsa de Tomate, Cafe, Pan"""
545,"""Azucar, Mantequilla, Yogur, Detergente, Leche, Pasta, Salsa de Tomate, Cafe, Pan"""
546,"""Huevos, Mantequilla, Papas fritas, Salsa de Tomate, Pan"""
547,"""Manzanas, Azucar, Panales, Mantequilla, Yogur, Papas fritas, Cerveza, Chocolate, Cafe, Pan"""
548,"""Refresco, Cafe, Azucar"""
549,"""Papel Higienico, Mantequilla, Queso, Platanos, Papas fritas, Refresco"""
550,"""Huevos, Papel Higienico, Yogur, Cebolla, Detergente, Leche, Refresco, Pan"""
551,"""Chocolate"""
552,"""Azucar, Huevos, Platanos, Chocolate, Refresco, Pasta, Salsa de Tomate"""
553,"""Mantequilla, Pan"""
554,"""Platanos, Papas fritas, Cerveza, Pasta, Salsa de Tomate"""
555,"""Pan"""
556,"""Huevos, Mantequilla"""
557,"""Papas fritas, Queso"""
558,"""Papas fritas, Cerveza"""
559,"""Queso, Papas fritas, Cerveza, Pasta, Salsa de Tomate, Cafe"""
560,"""Papas fritas, Cerveza, Chocolate"""
561,"""Manzanas, Panales, Yogur, Platanos, Papas fritas, Cerveza"""
562,"""Azucar, Panales, Mantequilla, Detergente, Leche, Refresco"""
563,"""Azucar, Huevos, Papel Higienico, Cebolla, Chocolate, Refresco"""
564,"""Salsa de Tomate, Leche"""
565,"""Manzanas, Huevos, Azucar, Cebolla, Chocolate, Salsa de Tomate, Cafe"""
566,"""Detergente, Panales, Queso, Salsa de Tomate"""
567,"""Manzanas, Azucar, Panales, Mantequilla, Queso, Papas fritas, Cerveza, Leche, Chocolate, Refresco, Cafe, Pan"""
568,"""Azucar, Huevos"""
569,"""Manzanas, Papel Higienico"""
570,"""Azucar, Huevos, Panales, Yogur, Cebolla, Platanos, Pasta"""
571,"""Azucar, Huevos, Mantequilla, Queso, Chocolate, Refresco, Cafe, Pan"""
572,"""Azucar, Manzanas, Queso, Detergente, Platanos, Leche, Salsa de Tomate"""
573,"""Mantequilla, Cebolla, Platanos, Papas fritas, Leche, Chocolate, Pasta, Salsa de Tomate, Pan"""
574,"""Manzanas, Huevos, Azucar, Papel Higienico, Mantequilla, Cebolla, Papas fritas, Chocolate, Cafe, Pan"""
575,"""Detergente, Salsa de Tomate, Chocolate"""
576,"""Papel Higienico, Cafe, Chocolate"""
577,"""Cebolla"""
578,"""Azucar, Huevos, Detergente, Papas fritas, Cerveza, Leche, Chocolate, Refresco"""
579,"""Refresco"""
580,"""Manzanas, Huevos, Papel Higienico, Chocolate"""
581,"""Detergente, Salsa de Tomate, Papas fritas, Refresco"""
582,"""Azucar, Mantequilla, Queso, Platanos, Pasta, Salsa de Tomate"""
583,"""Mantequilla, Queso, Papas fritas, Refresco, Pasta, Salsa de Tomate"""
584,"""Huevos, Panales, Queso, Detergente, Platanos, Papas fritas, Leche"""
585,"""Papas fritas, Cerveza"""
586,"""Yogur, Platanos, Papas fritas, Cerveza, Leche, Chocolate, Pasta, Salsa de Tomate"""
587,"""Manzanas, Platanos, Papas fritas, Leche, Refresco, Pan"""
588,"""Pasta, Salsa de Tomate"""
589,"""Cebolla"""
590,"""Queso"""
591,"""Queso, Yogur, Detergente, Papas fritas, Leche, Chocolate, Refresco, Salsa de Tomate"""
592,"""Papas fritas, Queso"""
593,"""Huevos, Yogur, Papas fritas, Cerveza, Pan"""
594,"""Papel Higienico, Mantequilla, Platanos, Papas fritas, Chocolate, Cafe, Pan"""
595,"""Yogur, Detergente, Platanos, Papas fritas, Cerveza, Chocolate, Refresco, Pasta, Salsa de Tomate"""
596,"""Manzanas, Huevos, Mantequilla, Papas fritas, Cerveza, Chocolate, Pan"""
597,"""Panales, Cebolla, Detergente, Platanos, Papas fritas, Cerveza, Leche, Pasta, Salsa de Tomate"""
598,"""Manzanas, Azucar, Papel Higienico, Mantequilla, Cafe"""
599,"""Huevos"""
600,"""Manzanas, Cebolla, Detergente, Papas fritas, Refresco, Pasta, Salsa de Tomate"""
601,"""Huevos, Panales, Papas fritas, Cerveza"""
602,"""Azucar, Huevos, Papel Higienico, Mantequilla, Queso, Yogur, Cerveza"""
603,"""Refresco, Yogur, Cafe, Azucar"""
604,"""Platanos"""
605,"""Azucar, Huevos, Papel Higienico, Chocolate, Pasta, Salsa de Tomate, Cafe"""
606,"""Azucar, Papas fritas, Detergente, Chocolate"""
607,"""Azucar, Yogur, Platanos, Papas fritas, Chocolate, Pasta, Salsa de Tomate, Cafe"""
608,"""Azucar, Panales, Yogur, Queso, Papas fritas, Cerveza, Chocolate, Cafe"""
609,"""Papas fritas, Cerveza"""
610,"""Papel Higienico, Queso, Cebolla, Yogur, Platanos, Salsa de Tomate"""
611,"""Manzanas, Queso, Platanos, Cerveza, Leche, Salsa de Tomate, Pan"""
612,"""Azucar, Huevos, Queso, Leche, Chocolate, Cafe"""
613,"""Refresco, Huevos, Cebolla, Chocolate"""
614,"""Pasta, Pan"""
615,"""Manzanas, Leche"""
616,"""Huevos, Mantequilla, Queso, Cebolla, Refresco"""
617,"""Pan"""
618,"""Mantequilla, Salsa de Tomate, Cebolla, Pan"""
619,"""Manzanas, Yogur"""
620,"""Papas fritas, Papel Higienico, Queso, Cerveza"""
621,"""Azucar, Cebolla"""
622,"""Azucar, Papas fritas, Cerveza, Cafe"""
623,"""Azucar, Mantequilla, Queso, Platanos, Papas fritas, Pasta, Salsa de Tomate, Cafe, Pan"""
624,"""Panales, Papas fritas, Cerveza"""
625,"""Azucar, Huevos, Leche, Chocolate, Refresco, Pasta, Salsa de Tomate, Cafe"""
626,"""Panales, Pan"""
627,"""Huevos, Panales, Papel Higienico, Mantequilla, Papas fritas, Cerveza, Leche, Pasta, Salsa de Tomate"""
628,"""Manzanas, Azucar, Mantequilla, Yogur, Cebolla, Papas fritas, Cerveza, Chocolate, Pasta, Salsa de Tomate, Cafe, Pan"""
629,"""Papas fritas"""
630,"""Panales, Papel Higienico, Queso, Yogur, Detergente, Platanos, Salsa de Tomate, Pan"""
631,"""Detergente, Cafe, Azucar"""
632,"""Azucar, Cebolla, Cerveza, Refresco"""
633,"""Manzanas, Huevos, Yogur, Cebolla, Cerveza, Salsa de Tomate, Cafe"""
634,"""Azucar, Huevos, Mantequilla, Yogur, Platanos, Salsa de Tomate, Pan"""
635,"""Manzanas, Mantequilla, Yogur, Papas fritas, Pasta, Salsa de Tomate, Pan"""
636,"""Mantequilla, Pan"""
637,"""Manzanas, Panales, Mantequilla, Queso, Papas fritas, Leche, Pasta, Salsa de Tomate"""
638,"""Refresco, Cebolla"""
639,"""Manzanas, Papel Higienico, Cebolla, Papas fritas, Pasta, Salsa de Tomate"""
640,"""Manzanas, Mantequilla, Yogur, Detergente, Platanos, Leche, Chocolate, Salsa de Tomate, Pan"""
641,"""Huevos, Yogur, Cebolla, Platanos, Chocolate, Cafe, Pan"""
642,"""Platanos, Leche, Pan"""
643,"""Mantequilla, Yogur, Chocolate, Pasta, Salsa de Tomate"""
644,"""Huevos, Papel Higienico, Yogur, Cebolla, Refresco, Pasta, Salsa de Tomate"""
645,"""Azucar, Cerveza, Cafe, Chocolate"""
646,"""Huevos, Queso, Detergente, Platanos, Papas fritas, Leche, Chocolate, Salsa de Tomate"""
647,"""Salsa de Tomate"""
648,"""Cerveza"""
649,"""Platanos, Queso"""
650,"""Refresco, Mantequilla, Platanos"""
651,"""Azucar, Papel Higienico, Cebolla, Leche, Cafe"""
652,"""Azucar, Manzanas, Papel Higienico, Cebolla, Papas fritas, Leche, Chocolate"""
653,"""Huevos, Mantequilla, Queso, Cebolla, Detergente, Papas fritas, Refresco, Salsa de Tomate, Pan"""
654,"""Manzanas, Mantequilla, Yogur, Platanos, Leche, Chocolate, Refresco, Salsa de Tomate"""
655,"""Azucar, Huevos, Mantequilla, Papas fritas, Cerveza, Refresco, Salsa de Tomate, Cafe"""
656,"""Azucar, Mantequilla, Queso, Chocolate, Cafe, Pan"""
657,"""Yogur"""
658,"""Manzanas, Mantequilla, Queso, Detergente, Papas fritas, Refresco, Pasta, Salsa de Tomate, Cafe, Pan"""
659,"""Azucar, Manzanas, Huevos, Papel Higienico, Panales, Mantequilla, Cebolla, Pasta, Pan"""
660,"""Panales, Papel Higienico, Detergente, Platanos, Cerveza, Refresco, Salsa de Tomate, Pan"""
661,"""Huevos, Papel Higienico, Yogur, Detergente, Cerveza, Pasta, Salsa de Tomate"""
662,"""Azucar, Huevos, Mantequilla, Platanos, Cerveza, Leche, Pasta, Salsa de Tomate"""
663,"""Azucar, Platanos, Papel Higienico, Queso"""
664,"""Manzanas, Mantequilla, Yogur, Pan"""
665,"""Queso"""
666,"""Queso"""
667,"""Detergente, Papel Higienico, Azucar"""
668,"""Manzanas, Huevos"""
669,"""Pasta, Salsa de Tomate, Leche"""
670,"""Manzanas, Azucar, Panales, Yogur, Cebolla, Papas fritas, Cerveza, Chocolate, Pasta, Salsa de Tomate, Cafe"""
671,"""Azucar, Huevos, Platanos, Papas fritas, Cerveza, Chocolate, Salsa de Tomate, Cafe"""
672,"""Azucar, Manzanas, Panales, Yogur, Cerveza, Leche, Chocolate, Pasta, Salsa de Tomate"""
673,"""Azucar, Yogur, Cebolla, Detergente, Papas fritas, Refresco, Cafe"""
674,"""Huevos, Platanos, Papas fritas, Cerveza, Pasta, Salsa de Tomate, Cafe"""
675,"""Mantequilla, Papel Higienico, Pan"""
676,"""Manzanas, Azucar, Papel Higienico, Detergente, Pasta"""
677,"""Manzanas, Azucar, Panales, Mantequilla, Queso, Cebolla, Papas fritas, Cerveza, Cafe, Pan"""
678,"""Queso"""
679,"""Huevos, Salsa de Tomate"""
680,"""Huevos"""
681,"""Manzanas, Huevos, Papel Higienico, Platanos, Cerveza, Chocolate, Pan"""
682,"""Azucar, Huevos, Panales, Queso, Yogur, Papas fritas, Cerveza, Leche, Chocolate, Cafe"""
683,"""Manzanas, Papel Higienico, Mantequilla, Refresco, Salsa de Tomate"""
684,"""Refresco, Papel Higienico, Papas fritas"""
685,"""Azucar, Huevos, Panales, Papel Higienico, Papas fritas, Cerveza, Salsa de Tomate"""
686,"""Detergente, Mantequilla, Pan"""
687,"""Manzanas, Azucar, Panales, Mantequilla, Queso, Papas fritas, Leche, Refresco"""
688,"""Papel Higienico, Yogur, Cebolla, Queso, Detergente, Chocolate, Salsa de Tomate"""
689,"""Huevos, Panales, Yogur, Detergente, Chocolate"""
690,"""Manzanas, Huevos, Mantequilla, Detergente, Platanos, Pasta, Salsa de Tomate"""
691,"""Huevos, Panales, Queso, Refresco, Pan"""
692,"""Manzanas, Azucar, Mantequilla, Leche, Salsa de Tomate, Cafe, Pan"""
693,"""Azucar, Panales, Papas fritas, Cerveza, Leche, Chocolate, Refresco, Pasta, Salsa de Tomate, Cafe"""
694,"""Azucar, Papas fritas, Cerveza"""
695,"""Manzanas, Azucar, Cebolla, Refresco, Cafe"""
696,"""Papel Higienico, Pan"""
697,"""Panales, Yogur, Cerveza, Leche, Salsa de Tomate"""
698,"""Manzanas, Platanos, Cebolla"""
699,"""Detergente, Platanos"""
700,"""Azucar, Mantequilla, Cebolla, Papas fritas, Cerveza, Chocolate, Pasta, Salsa de Tomate, Pan"""
701,"""Panales, Queso, Cebolla, Platanos, Cafe"""
702,"""Platanos, Yogur"""
703,"""Huevos, Mantequilla, Papas fritas, Chocolate"""
704,"""Manzanas, Azucar, Yogur, Detergente, Papas fritas, Leche, Chocolate, Pasta, Salsa de Tomate, Cafe"""
705,"""Azucar, Queso, Cebolla, Yogur, Detergente, Leche, Chocolate, Cafe"""
706,"""Mantequilla, Papel Higienico, Pan"""
707,"""Panales, Papas fritas, Cerveza"""
708,"""Mantequilla, Yogur, Papas fritas, Cerveza, Leche, Pasta, Salsa de Tomate, Pan"""
709,"""Papas fritas, Salsa de Tomate"""
710,"""Huevos, Mantequilla, Cebolla, Leche, Pasta, Salsa de Tomate, Pan"""
711,"""Manzanas, Platanos"""
712,"""Manzanas, Huevos, Panales, Papel Higienico, Cerveza"""
713,"""Azucar, Huevos, Mantequilla, Detergente, Chocolate, Refresco, Pasta, Salsa de Tomate"""
714,"""Azucar, Pasta"""
715,"""Manzanas, Azucar, Queso, Cebolla, Papas fritas, Cafe"""
716,"""Azucar, Panales, Queso, Yogur, Cebolla, Detergente, Papas fritas, Cerveza, Refresco, Cafe"""
717,"""Manzanas, Huevos"""
718,"""Manzanas, Panales, Papas fritas, Cerveza, Salsa de Tomate"""
719,"""Azucar, Manzanas, Papel Higienico, Detergente, Papas fritas, Cerveza, Cafe"""
720,"""Detergente, Cebolla"""
721,"""Azucar, Huevos, Panales, Mantequilla, Platanos, Leche, Pasta, Salsa de Tomate, Pan"""
722,"""Azucar, Mantequilla, Papel Higienico, Pan"""
723,"""Azucar, Mantequilla, Detergente, Refresco, Cafe, Pan"""
724,"""Azucar, Huevos, Cebolla, Detergente, Leche, Chocolate, Refresco, Cafe"""
725,"""Manzanas"""
726,"""Manzanas, Huevos, Platanos, Papas fritas, Cerveza, Cafe"""
727,"""Huevos, Papel Higienico, Yogur, Cebolla, Leche, Refresco"""
728,"""Azucar, Papel Higienico, Yogur, Cebolla, Platanos, Pasta, Salsa de Tomate, Cafe"""
729,"""Manzanas"""
730,"""Chocolate, Pan"""
731,"""Manzanas, Azucar, Mantequilla, Cerveza, Chocolate, Refresco, Pan"""
732,"""Azucar, Manzanas, Panales, Detergente, Papas fritas, Chocolate"""
733,"""Leche, Pan"""
734,"""Huevos, Panales, Papel Higienico, Mantequilla, Yogur, Papas fritas, Cerveza"""
735,"""Manzanas"""
736,"""Cebolla"""
737,"""Manzanas, Mantequilla, Queso"""
738,"""Azucar, Platanos, Papas fritas, Cerveza, Chocolate, Pasta, Salsa de Tomate, Cafe"""
739,"""Salsa de Tomate, Cebolla"""
740,"""Platanos, Papas fritas, Cerveza, Leche, Refresco"""
741,"""Panales, Queso, Cebolla, Papas fritas, Cerveza, Salsa de Tomate"""
742,"""Azucar, Huevos, Panales, Mantequilla, Yogur, Cebolla, Platanos, Cerveza, Cafe, Pan"""
743,"""Huevos, Platanos, Queso, Mantequilla"""
744,"""Panales, Cebolla, Detergente, Papas fritas, Cerveza, Leche, Chocolate, Refresco, Salsa de Tomate"""
745,"""Azucar, Papel Higienico, Mantequilla, Yogur, Queso, Detergente, Pasta, Salsa de Tomate, Cafe"""
746,"""Pasta, Salsa de Tomate"""
747,"""Panales, Papel Higienico, Mantequilla, Yogur, Chocolate, Pan"""
748,"""Azucar, Yogur, Cebolla, Cerveza, Cafe"""
749,"""Huevos, Mantequilla, Papas fritas, Cerveza, Pasta, Salsa de Tomate, Pan"""
750,"""Huevos"""
751,"""Azucar, Panales, Papel Higienico, Cebolla, Detergente, Papas fritas, Cerveza, Cafe"""
752,"""Detergente, Panales, Platanos, Cafe"""
753,"""Mantequilla, Yogur, Detergente, Refresco, Salsa de Tomate, Pan"""
754,"""Azucar, Huevos, Panales, Cebolla, Detergente, Papas fritas, Cerveza, Cafe"""
755,"""Azucar, Papel Higienico, Queso, Papas fritas, Cerveza"""
756,"""Mantequilla, Yogur, Cebolla, Papas fritas, Leche"""
757,"""Mantequilla, Papel Higienico, Pan"""
758,"""Mantequilla, Cafe"""
759,"""Pasta, Salsa de Tomate, Leche, Chocolate"""
760,"""Papel Higienico, Queso, Cebolla, Detergente, Leche, Refresco, Salsa de Tomate, Pan"""
761,"""Manzanas, Mantequilla, Yogur, Papas fritas, Cerveza, Leche, Refresco, Pasta, Salsa de Tomate"""
762,"""Panales, Platanos, Cerveza, Leche, Chocolate, Pasta, Salsa de Tomate"""
763,"""Azucar, Huevos, Panales, Papel Higienico, Queso, Papas fritas, Cerveza, Refresco"""
764,"""Refresco, Platanos"""
765,"""Papel Higienico, Leche, Chocolate"""
766,"""Pasta, Salsa de Tomate"""
767,"""Huevos, Pan, Chocolate"""
768,"""Manzanas, Azucar, Yogur, Cebolla, Platanos, Chocolate, Refresco, Pasta, Salsa de Tomate, Cafe"""
769,"""Azucar, Manzanas, Yogur, Detergente, Refresco"""
770,"""Cebolla"""
771,"""Manzanas, Mantequilla, Yogur, Queso, Cerveza, Leche, Chocolate, Salsa de Tomate, Pan"""
772,"""Panales, Yogur, Platanos, Papas fritas, Cerveza, Pasta, Salsa de Tomate"""
773,"""Yogur, Cerveza, Leche, Pasta, Salsa de Tomate, Pan"""
774,"""Azucar, Cerveza, Cafe, Chocolate"""
775,"""Manzanas, Azucar, Panales, Detergente, Leche, Chocolate, Salsa de Tomate, Cafe"""
776,"""Azucar, Cebolla, Detergente, Papas fritas, Refresco, Pan"""
777,"""Manzanas, Huevos, Papel Higienico, Mantequilla, Queso, Cebolla, Salsa de Tomate, Pan"""
778,"""Azucar, Panales, Yogur, Detergente, Leche"""
779,"""Panales, Papel Higienico, Yogur, Cerveza, Chocolate, Refresco"""
780,"""Manzanas, Cebolla, Papas fritas, Cerveza, Leche"""
781,"""Azucar, Huevos, Panales, Mantequilla, Cebolla, Platanos, Papas fritas, Cerveza, Chocolate"""
782,"""Azucar, Panales, Detergente, Papas fritas, Cerveza, Leche, Pan"""
783,"""Manzanas, Cebolla, Platanos, Chocolate, Refresco"""
784,"""Huevos, Panales, Mantequilla, Queso, Detergente, Papas fritas, Cerveza, Refresco, Pasta, Salsa de Tomate"""
785,"""Platanos, Queso, Cebolla"""
786,"""Pasta, Papas fritas, Salsa de Tomate"""
787,"""Azucar, Huevos, Queso, Platanos, Papas fritas, Cerveza, Leche"""
788,"""Azucar, Cerveza, Cafe"""
789,"""Azucar, Mantequilla, Cebolla, Papas fritas, Cerveza, Cafe"""
790,"""Manzanas, Azucar, Mantequilla, Cebolla, Salsa de Tomate, Pan"""
791,"""Mantequilla, Yogur, Cebolla, Queso, Platanos, Refresco, Salsa de Tomate"""
792,"""Azucar, Manzanas, Mantequilla, Yogur, Detergente, Papas fritas, Cerveza, Cafe, Pan"""
793,"""Azucar"""
794,"""Panales, Papel Higienico, Platanos, Papas fritas, Cerveza, Refresco"""
795,"""Pasta, Salsa de Tomate"""
796,"""Azucar, Papas fritas, Cerveza, Cafe"""
797,"""Mantequilla, Leche, Pan"""
798,"""Azucar, Mantequilla, Queso, Cebolla, Detergente, Cafe, Pan"""
799,"""Azucar"""
800,"""Panales, Mantequilla, Queso, Papas fritas, Cerveza, Pan"""
801,"""Panales, Yogur, Cebolla, Platanos, Papas fritas, Cerveza, Refresco, Pasta, Salsa de Tomate"""
802,"""Salsa de Tomate"""
803,"""Azucar, Panales, Yogur, Cebolla, Chocolate, Pasta, Salsa de Tomate"""
804,"""Salsa de Tomate, Queso, Chocolate"""
805,"""Huevos, Panales, Detergente, Platanos, Papas fritas, Cerveza"""
806,"""Cerveza"""
807,"""Manzanas, Detergente, Chocolate, Salsa de Tomate, Pan"""
808,"""Manzanas, Panales, Queso, Cebolla, Platanos, Papas fritas, Cerveza, Leche, Chocolate, Pan"""
809,"""Manzanas, Huevos, Cafe, Chocolate"""
810,"""Azucar, Panales, Platanos, Papas fritas, Cerveza, Chocolate, Salsa de Tomate, Cafe, Pan"""
811,"""Pasta, Salsa de Tomate, Leche, Pan"""
812,"""Mantequilla, Yogur, Queso"""
813,"""Manzanas, Papel Higienico, Salsa de Tomate, Yogur"""
814,"""Panales, Papel Higienico, Yogur, Detergente, Cerveza, Refresco"""
815,"""Manzanas, Azucar, Queso, Refresco, Pasta, Salsa de Tomate, Cafe"""
816,"""Chocolate"""
817,"""Manzanas, Mantequilla, Papel Higienico, Papas fritas"""
818,"""Refresco, Platanos"""
819,"""Azucar, Huevos, Platanos, Papas fritas, Cerveza, Refresco, Pasta, Salsa de Tomate, Cafe"""
820,"""Mantequilla, Salsa de Tomate, Papel Higienico"""
821,"""Manzanas, Queso, Cebolla"""
822,"""Cafe"""
823,"""Mantequilla, Cebolla, Papas fritas, Cerveza, Chocolate, Salsa de Tomate, Cafe"""
824,"""Panales, Cerveza, Leche, Refresco, Pasta, Salsa de Tomate"""
825,"""Mantequilla, Detergente, Platanos, Chocolate, Refresco, Salsa de Tomate, Pan"""
826,"""Azucar, Mantequilla, Platanos, Pasta, Salsa de Tomate"""
827,"""Refresco, Huevos, Yogur, Queso"""
828,"""Salsa de Tomate"""
829,"""Panales, Queso, Platanos, Pasta, Salsa de Tomate"""
830,"""Panales, Cebolla, Papas fritas, Cerveza, Salsa de Tomate, Pan"""
831,"""Manzanas, Panales, Yogur, Detergente, Platanos, Chocolate, Pasta, Salsa de Tomate"""
832,"""Manzanas, Panales, Mantequilla, Cebolla, Detergente, Papas fritas, Cerveza, Leche, Pan"""
833,"""Platanos, Papel Higienico, Queso"""
834,"""Panales, Mantequilla, Queso, Platanos, Papas fritas, Cerveza, Pasta, Salsa de Tomate"""
835,"""Manzanas, Detergente, Papas fritas, Refresco, Pasta, Salsa de Tomate"""
836,"""Huevos, Panales, Papas fritas, Yogur"""
837,"""Panales, Papel Higienico, Detergente, Platanos, Papas fritas, Cerveza, Pan"""
838,"""Manzanas, Panales, Papel Higienico, Detergente, Pasta, Salsa de Tomate"""
839,"""Yogur, Leche, Chocolate, Refresco, Salsa de Tomate"""
840,"""Azucar"""
841,"""Manzanas, Mantequilla, Cebolla, Chocolate"""
842,"""Mantequilla"""
843,"""Azucar, Huevos, Salsa de Tomate"""
844,"""Platanos, Salsa de Tomate"""
845,"""Huevos, Salsa de Tomate, Pan"""
846,"""Panales, Mantequilla, Queso, Detergente, Papas fritas"""
847,"""Chocolate"""
848,"""Huevos"""
849,"""Azucar, Panales, Yogur, Papas fritas, Salsa de Tomate"""
850,"""Azucar, Huevos, Mantequilla, Cebolla, Cafe"""
851,"""Mantequilla, Papas fritas, Cerveza"""
852,"""Azucar, Mantequilla, Leche, Chocolate, Cafe, Pan"""
853,"""Huevos, Yogur, Cerveza, Queso"""
854,"""Detergente, Papel Higienico"""
855,"""Manzanas, Mantequilla, Leche, Chocolate"""
856,"""Queso, Detergente, Platanos, Leche, Pan"""
857,"""Azucar, Papel Higienico, Queso, Yogur, Detergente, Leche, Chocolate, Pasta, Salsa de Tomate"""
858,"""Huevos, Mantequilla, Chocolate"""
859,"""Cebolla"""
860,"""Azucar, Papel Higienico, Yogur, Queso, Papas fritas, Leche, Cafe"""
861,"""Azucar, Panales, Papel Higienico, Mantequilla, Cebolla, Refresco, Pasta, Salsa de Tomate, Pan"""
862,"""Mantequilla, Leche, Chocolate"""
863,"""Papas fritas, Chocolate"""
864,"""Azucar, Mantequilla, Papas fritas, Leche, Pasta, Salsa de Tomate, Pan"""
865,"""Huevos, Panales, Papas fritas, Cerveza, Salsa de Tomate"""
866,"""Azucar, Cafe"""
867,"""Papel Higienico, Queso, Cebolla, Platanos, Papas fritas, Leche, Pan"""
868,"""Huevos, Cebolla, Platanos, Papas fritas, Cerveza, Leche"""
869,"""Huevos, Panales, Papel Higienico, Queso, Papas fritas, Cerveza, Refresco, Pasta, Salsa de Tomate"""
870,"""Azucar, Salsa de Tomate"""
871,"""Huevos, Yogur, Detergente, Papas fritas, Refresco, Pasta, Salsa de Tomate, Pan"""
872,"""Papel Higienico, Mantequilla, Cebolla, Papas fritas, Salsa de Tomate"""
873,"""Huevos"""
874,"""Azucar, Huevos, Papas fritas, Cerveza, Cafe"""
875,"""Manzanas, Huevos, Papel Higienico, Detergente, Platanos, Papas fritas"""
876,"""Refresco, Platanos, Detergente, Chocolate"""
877,"""Detergente, Chocolate"""
878,"""Huevos, Salsa de Tomate, Yogur, Mantequilla"""
879,"""Huevos, Yogur, Detergente, Papas fritas, Cerveza, Chocolate, Refresco, Salsa de Tomate, Cafe"""
880,"""Mantequilla, Yogur, Salsa de Tomate"""
881,"""Manzanas, Cebolla, Leche, Chocolate, Pasta, Salsa de Tomate"""
882,"""Refresco, Pasta, Yogur, Salsa de Tomate"""
883,"""Azucar, Queso, Platanos, Leche, Chocolate"""
884,"""Panales, Cebolla, Detergente, Papas fritas, Cerveza, Pasta, Salsa de Tomate"""
885,"""Panales, Papel Higienico, Mantequilla, Yogur, Chocolate, Refresco, Salsa de Tomate"""
886,"""Platanos"""
887,"""Azucar, Huevos, Panales, Yogur, Leche, Chocolate, Pasta, Salsa de Tomate, Cafe"""
888,"""Azucar, Huevos, Detergente, Leche, Salsa de Tomate"""
889,"""Papel Higienico, Queso, Yogur, Platanos, Refresco"""
890,"""Papel Higienico, Yogur, Cerveza"""
891,"""Huevos, Papel Higienico, Mantequilla, Yogur, Cebolla, Papas fritas, Chocolate"""
892,"""Manzanas, Papel Higienico, Cebolla, Detergente, Platanos, Papas fritas, Cerveza, Pasta, Salsa de Tomate"""
893,"""Panales, Queso, Detergente, Platanos, Papas fritas, Cerveza, Salsa de Tomate, Pan"""
894,"""Panales, Queso, Cebolla, Papas fritas, Cerveza, Salsa de Tomate"""
895,"""Pasta, Salsa de Tomate"""
896,"""Azucar, Huevos, Panales, Yogur, Platanos, Cerveza, Leche, Chocolate, Cafe, Pan"""
897,"""Manzanas, Huevos, Azucar, Panales, Yogur, Cebolla, Papas fritas, Cerveza"""
898,"""Azucar, Huevos, Panales, Mantequilla, Cebolla, Cerveza, Salsa de Tomate, Pan"""
899,"""Azucar, Panales, Papel Higienico, Mantequilla, Papas fritas, Cerveza"""
900,"""Manzanas, Panales, Mantequilla, Papas fritas, Cerveza, Leche, Pan"""
901,"""Panales, Platanos, Papas fritas, Cerveza, Salsa de Tomate"""
902,"""Azucar, Manzanas, Panales, Detergente, Platanos, Cerveza, Refresco, Salsa de Tomate"""
903,"""Cebolla"""
904,"""Azucar, Papas fritas, Cerveza, Cafe, Pan"""
905,"""Huevos, Panales"""
906,"""Azucar, Panales, Detergente, Papas fritas, Cerveza, Chocolate, Pasta, Salsa de Tomate, Cafe"""
907,"""Huevos, Cerveza, Leche"""
908,"""Huevos, Mantequilla, Yogur, Cebolla, Papas fritas, Cerveza, Pasta, Salsa de Tomate, Pan"""
909,"""Yogur, Chocolate"""
910,"""Manzanas, Salsa de Tomate, Azucar"""
911,"""Detergente, Cafe, Azucar"""
912,"""Panales, Papas fritas, Cerveza, Pasta, Salsa de Tomate, Cafe"""
913,"""Manzanas, Azucar, Pan"""
914,"""Pasta, Queso, Leche, Salsa de Tomate"""
915,"""Refresco, Cafe"""
916,"""Azucar"""
917,"""Papas fritas, Platanos, Queso, Yogur"""
918,"""Azucar, Cafe"""
919,"""Detergente"""
920,"""Manzanas, Azucar, Yogur, Detergente, Chocolate, Refresco, Cafe"""
921,"""Manzanas, Platanos, Refresco, Salsa de Tomate, Cafe"""
922,"""Azucar, Yogur, Cebolla, Refresco, Salsa de Tomate"""
923,"""Huevos, Mantequilla, Yogur, Queso, Platanos, Papas fritas, Leche, Pan"""
924,"""Platanos, Leche, Chocolate"""
925,"""Refresco, Papel Higienico"""
926,"""Azucar, Huevos, Yogur, Detergente, Platanos, Leche, Pasta, Salsa de Tomate, Cafe"""
927,"""Pan"""
928,"""Queso"""
929,"""Azucar, Cafe"""
930,"""Azucar, Panales, Cebolla, Detergente, Platanos, Papas fritas, Cerveza, Pasta, Salsa de Tomate, Cafe"""
931,"""Azucar, Panales, Mantequilla, Papas fritas, Salsa de Tomate, Pan"""
932,"""Azucar, Mantequilla, Queso, Cebolla, Pasta, Salsa de Tomate, Cafe, Pan"""
933,"""Huevos"""
934,"""Manzanas, Azucar, Panales, Queso, Detergente, Papas fritas, Cerveza, Chocolate, Cafe"""
935,"""Manzanas, Huevos, Azucar, Detergente, Papas fritas"""
936,"""Yogur, Platanos, Papas fritas, Leche, Chocolate, Pasta, Salsa de Tomate"""
937,"""Manzanas, Papel Higienico, Queso, Cebolla, Platanos, Papas fritas, Cerveza, Salsa de Tomate"""
938,"""Azucar, Cebolla, Cafe"""
939,"""Huevos, Platanos, Papas fritas, Leche, Chocolate, Refresco"""
940,"""Salsa de Tomate, Queso, Leche"""
941,"""Manzanas, Pasta, Papas fritas, Chocolate"""
942,"""Panales, Yogur, Queso, Detergente, Cerveza, Refresco, Pan"""
943,"""Pasta, Queso, Salsa de Tomate"""
944,"""Azucar"""
945,"""Manzanas, Salsa de Tomate, Papas fritas, Refresco"""
946,"""Manzanas, Cerveza, Leche, Chocolate, Refresco"""
947,"""Panales, Papel Higienico, Detergente, Papas fritas, Cerveza, Chocolate, Pan"""
948,"""Refresco"""
949,"""Platanos, Chocolate"""
950,"""Azucar, Papel Higienico, Yogur, Queso, Papas fritas, Leche, Chocolate, Refresco, Salsa de Tomate"""
951,"""Manzanas, Papel Higienico, Yogur, Platanos, Papas fritas, Leche, Chocolate, Cafe, Pan"""
952,"""Azucar, Mantequilla, Yogur, Pan"""
953,"""Azucar, Detergente, Platanos, Leche, Cafe, Pan"""
954,"""Manzanas, Azucar, Panales, Detergente, Platanos, Papas fritas, Leche, Chocolate, Cafe"""
955,"""Papel Higienico, Mantequilla, Detergente, Pasta, Salsa de Tomate, Cafe, Pan"""
956,"""Papas fritas, Chocolate"""
957,"""Azucar, Yogur, Cebolla, Detergente, Pasta, Salsa de Tomate"""
958,"""Yogur, Cebolla, Leche, Chocolate"""
959,"""Huevos, Pasta, Salsa de Tomate, Chocolate"""
960,"""Mantequilla, Panales, Cerveza, Pan"""
961,"""Manzanas, Huevos, Papas fritas, Cerveza, Leche, Salsa de Tomate"""
962,"""Huevos, Mantequilla"""
963,"""Papel Higienico, Platanos, Refresco, Pasta, Salsa de Tomate"""
964,"""Azucar, Platanos"""
965,"""Cebolla"""
966,"""Huevos, Panales, Mantequilla, Yogur, Detergente, Papas fritas, Cerveza, Pasta, Salsa de Tomate"""
967,"""Azucar, Huevos, Panales, Papel Higienico, Mantequilla, Queso, Papas fritas, Leche, Chocolate, Cafe"""
968,"""Azucar, Papel Higienico, Mantequilla, Papas fritas, Salsa de Tomate, Cafe, Pan"""
969,"""Pasta, Salsa de Tomate"""
970,"""Mantequilla, Salsa de Tomate"""
971,"""Azucar, Mantequilla, Yogur, Cerveza, Pan"""
972,"""Azucar, Huevos, Papel Higienico, Papas fritas, Cerveza, Leche, Chocolate, Refresco, Salsa de Tomate, Cafe"""
973,"""Azucar, Huevos, Mantequilla, Papas fritas, Refresco, Salsa de Tomate, Cafe"""
974,"""Manzanas, Huevos, Azucar, Mantequilla, Queso, Platanos, Chocolate, Cafe"""
975,"""Manzanas, Pasta, Papel Higienico, Salsa de Tomate"""
976,"""Cerveza"""
977,"""Platanos"""
978,"""Huevos, Queso"""
979,"""Chocolate"""
980,"""Manzanas"""
981,"""Pasta, Yogur, Salsa de Tomate"""
982,"""Manzanas, Panales, Cebolla, Platanos, Papas fritas, Cerveza, Refresco, Salsa de Tomate, Pan"""
983,"""Azucar, Pasta, Salsa de Tomate, Chocolate"""
984,"""Detergente, Papel Higienico"""
985,"""Cerveza, Panales, Salsa de Tomate, Platanos"""
986,"""Papel Higienico, Mantequilla, Detergente, Refresco, Pasta, Salsa de Tomate, Pan"""
987,"""Leche"""
988,"""Manzanas, Panales, Cebolla, Papas fritas, Cerveza, Pasta, Salsa de Tomate"""
989,"""Manzanas, Huevos, Papel Higienico, Mantequilla, Yogur, Detergente, Refresco, Pan"""
990,"""Azucar, Huevos, Papas fritas, Chocolate, Refresco, Cafe, Pan"""
991,"""Azucar, Papel Higienico, Mantequilla, Queso, Yogur"""
992,"""Azucar, Huevos, Cebolla, Papas fritas, Cerveza, Pasta, Salsa de Tomate, Cafe"""
993,"""Azucar, Papas fritas, Cerveza, Cafe"""
994,"""Mantequilla"""
995,"""Azucar, Huevos, Mantequilla, Platanos, Papas fritas, Cerveza, Refresco, Pasta, Salsa de Tomate, Cafe"""
996,"""Panales, Papas fritas, Cerveza"""
997,"""Azucar, Cebolla, Cafe, Pan"""
998,"""Azucar, Huevos, Panales, Papas fritas, Cerveza, Refresco, Pasta, Salsa de Tomate"""
999,"""Detergente"""
1000,"""Platanos, Queso, Cerveza, Pan"""
